"u_hat","V_u_hat"
0.225717907735619,1.51280511076134e-05
0.22888179021457,1.75441750967282e-05
0.20423103561797,9.79764621922789e-06
0.177869301190315,1.74745770163462e-05
0.158751416709792,2.19969656491586e-05
0.170641108046227,1.47680417038241e-05
0.487568393336498,3.21417434607551e-05
0.444023183892185,1.96877184224495e-05
0.447542185446891,3.759196758584e-05
0.501942686868404,5.38652455215385e-05
0.295602221977593,2.43428142296556e-05
0.303568823479892,5.66091634425676e-05
0.301428170416514,1.37327000236196e-05
0.883963287259575,0.00132719253219759
0.0120060874576555,1.88491097134101e-05
0.681370289999303,0.000539031284276864
0.0325724545301495,4.86945173669618e-05
0.120851391484355,4.06130074608513e-05
0.0549047585286708,2.21295135650893e-05
0.0537809613257137,1.60497503933552e-05
0.379448546356237,5.99204844914581e-05
0.269168422768942,2.35687181513848e-05
0.37555219250672,4.10478180275036e-05
0.608034614139961,8.29110683446792e-05
0.217985082454962,1.34385558031999e-05
0.0467019350315407,8.95541199621278e-06
0.175063562805505,2.69487345607927e-05
0.166850305123463,2.67650064884783e-05
0.229893997267453,1.91707280116963e-05
0.198142340054992,3.15598933199684e-05
0.284667640068502,1.48510865141994e-05
0.311284886869923,0.000101159663385157
0.435535910896064,9.12951348771476e-06
0.439723525403247,7.55294566677984e-06
0.485759822004989,8.82717827733977e-05
0.427843702969897,2.59331493995639e-05
0.144818172716406,2.9231540486202e-05
0.512111785658538,0.000135080670350321
0.0340979174910457,0.000114655133107845
1.18397210838003,4.57778631200374e-05
0.938595602617014,5.17413396833101e-05
0.911991295213486,5.00531579232028e-05
0.862332467285204,5.434622162136e-05
1.13924842844135,2.67872425871623e-05
1.2136581756008,5.14239728746905e-05
1.05874358840492,3.39358747282594e-05
0.906769364300913,4.59640817187835e-05
0.863073307393003,4.49040243319339e-05
0.789907198434568,5.00865511675445e-05
0.683641768237204,3.04001603671397e-05
0.724429950224624,7.09705099000402e-05
0.67390126937912,5.18119133869766e-05
0.554024121092018,2.67940950742859e-05
0.493639732392744,2.72360285834619e-05
0.450117796809065,3.97625095864785e-05
0.312822367186709,1.17085071881547e-05
0.253904087296717,4.89360951513064e-05
0.350508561464488,5.43436064184513e-05
0.315880647517384,1.50081148932658e-05
0.257492944865579,5.72691908201993e-05
0.314846864987742,2.15381461152684e-05
0.325924326685534,3.04367753018603e-05
0.327090839691222,2.69375234232295e-05
0.256116390818034,3.06815161260074e-05
0.256967323726531,4.88971013647528e-05
0.755420131838868,6.36185476902098e-05
0.570103617286013,4.03018326299334e-05
0.693805794803249,4.80854625348526e-05
0.516119161094255,3.41222009782591e-05
0.893719067556018,7.33230778109451e-05
0.869169733205755,5.78308075557749e-05
0.931560581311413,6.20145727872857e-05
0.798050974263626,4.94560634700353e-05
0.839469103626746,3.24418758145203e-05
0.820824520475782,0.000174410375862477
0.799688111046388,4.91697067271275e-05
1.04289179525636,4.78520496491273e-05
0.972701788670673,4.58930393705989e-05
0.406510275548412,6.33567291687677e-05
0.344251753573894,1.07084320901028e-05
0.336374390419038,2.20441519561637e-05
0.182838321781714,3.07119944111489e-05
0.261835853307171,3.51614364988833e-05
0.252622011567598,3.75470877104426e-05
0.435903419248177,2.31688209776256e-05
0.657989956096255,2.15070252463547e-05
0.69360626904649,2.96978361418086e-05
0.542790303172127,2.70893939080428e-05
0.638921105118832,5.447457670205e-05
0.510871276585806,5.07648897610509e-05
0.413676551474739,5.84411285436413e-05
0.24438613995653,2.67730022099318e-05
0.212673804803048,2.08927757753985e-05
0.211274393623602,3.44718706617347e-05
0.232574912851977,1.04887691865482e-05
0.188631162923295,1.58403141375316e-05
0.174739376902605,1.75626093697431e-05
0.164183286044524,2.52014683677044e-05
0.165143874042402,2.22304424746871e-05
0.138295142747358,2.95653770725535e-05
0.160589153123641,2.32020330091578e-05
0.129953684553642,2.1172190745235e-05
0.142161900970593,1.81900176986049e-05
0.216108104077994,5.35601479286199e-05
0.439245777668863,4.66243849022699e-05
0.442409471949552,2.40989134206115e-05
0.586311827235383,5.65373883461493e-05
0.375484754890604,1.8439142776027e-05
0.573018848098265,4.57999976077094e-05
0.348078025464211,2.46630113936108e-05
0.607584112408028,6.97019512051623e-05
0.270364466437546,3.67888237549213e-05
0.391162287745519,3.22446259555344e-05
0.420678926205754,1.57791261699891e-05
0.305644464672634,3.58991616761767e-05
0.243045005167593,1.3334144910364e-05
0.254580893571675,2.7912010937705e-05
0.128262592182654,1.85295538197602e-05
0.349444231961358,7.22077268653157e-05
0.323658933535716,6.33146152404299e-05
0.330249759540802,3.82872055403531e-05
0.323551596943235,7.03317317381935e-05
0.325403872307368,4.31939845998606e-05
0.301660555663174,6.60185122898332e-05
0.315746493500027,6.41343966782153e-05
0.257835367633932,5.42878144480565e-05
0.25089157752088,5.42047928689776e-05
0.352792360901529,7.30669269208365e-05
0.795936472945519,0.000305432887074735
0.870822196932479,0.00020396518717968
1.0285762331967,5.75886330243954e-05
1.18483657945499,9.43795303266261e-05
1.0295181022264,4.96849195262026e-05
1.05533358697674,6.18495656851491e-05
1.29977846349175,8.66562581217612e-05
0.762564135818996,6.20315841247502e-05
0.741008004489885,2.28451266032874e-05
0.728665931697808,4.77869985264117e-05
0.585473125927081,5.65807251787836e-05
0.508651303311181,5.69449098150527e-05
0.695953046250795,5.24103959664908e-05
0.276313252806715,4.31439602238989e-05
0.232455348008202,2.37507639892551e-05
0.298439514590754,1.76128176720874e-05
0.239849477160699,1.63989363726499e-05
0.294147277087237,4.09382940734562e-05
0.250112748931475,6.15491526884699e-05
0.260389074140554,3.52687603962264e-05
0.225647793225176,3.83225128509532e-05
0.178223183853409,1.36042192959511e-05
0.215556302839809,1.42454232109284e-05
0.167262796660739,1.79635433664314e-05
0.183487663524879,2.80444614680837e-05
0.118747694269074,6.54448410130698e-06
0.186480081754943,2.32794409499422e-05
0.202088316952083,1.8276895736537e-05
0.209664692427914,2.32399709457316e-05
0.252044027271191,3.66672544750291e-05
0.194565124103378,1.9894521596171e-05
0.178814199084474,2.82999901951627e-06
0.536417088888421,3.0975449995093e-05
0.451114722754263,1.72014399190842e-05
0.488799449946013,3.61670991886849e-05
0.41962694127863,1.58280006087936e-05
0.310757852190451,5.37497077627409e-05
0.28327684731619,4.8387551555097e-05
0.274286309712721,1.96145521150771e-05
0.284014105621609,3.55654705538347e-05
0.293242263446807,3.41911192537937e-05
0.282654633507498,2.60063358100356e-05
0.339926640795356,4.41502453891098e-05
0.385434223809123,2.5843660064333e-05
0.223572800050526,1.80890020140519e-05
0.204522840497487,1.41141073085978e-05
0.192159424763003,1.33079796364613e-05
0.192152731450363,1.17084676352215e-05
0.266633917394308,2.82594460667034e-05
0.22302929057054,1.84943355462497e-05
0.311059738877145,2.8901403437828e-05
0.358328068624317,1.32836141354404e-05
0.688407347892752,5.66578674194054e-05
0.723237518550884,3.36068194091749e-05
0.694403341948715,3.50164193193365e-05
0.708189956082086,3.75469600649899e-05
0.696843819664595,2.80431760123804e-05
0.53388562817453,4.60721395465219e-05
0.537996843431526,5.40660627844781e-05
0.429192436649896,4.71901321582544e-05
0.448525467777637,1.90502561465281e-05
0.484557259581912,3.78115501708262e-05
0.534942632990774,0.000100883935655584
0.453686348104558,6.9207891954769e-05
0.25942083279954,4.57987816255116e-05
0.311880259511057,3.97927446448815e-05
0.293689450056522,7.38992655872625e-05
0.331447951393362,2.67390411337359e-05
0.261135293583738,5.42595442922956e-05
0.266668982856582,6.09301359732627e-05
0.306288327157647,3.07875495805715e-05
0.317025364229417,4.12958513525417e-05
0.368024749161336,2.14973663563348e-05
0.355537243412765,2.17107435110262e-05
0.337981206973671,1.80672190772933e-05
0.22615354407813,4.36305510600267e-05
0.167684621794242,4.66482767150286e-05
0.225786839179673,1.61475841699038e-05
0.0623503810543822,6.07722510488813e-05
0.0872350171864549,6.23740411634923e-05
0.0745040515781346,4.4245138058586e-05
0.0739148756101645,0.000137592192345447
0.10640738970054,0.000253898381392312
0.184301939078369,0.000147039363805938
0.264058285854441,0.000610616325056583
0.373616724375555,0.000145037045027204
0.382325483371852,0.000190434614979772
0.427244573757234,0.000116901449618417
0.394119671755084,0.000106500724190929
0.449501576767829,0.000509642433609294
0.421029714936478,3.74670657343233e-05
0.378860610087493,2.27789238184683e-05
0.388170597889705,1.95472898572709e-05
0.383365698283103,1.30249940305449e-05
0.39866112742285,3.92210397521605e-05
0.403568227192874,2.68998507721642e-05
0.422903021000495,2.59940297433305e-05
0.505951741135133,4.78783735898391e-05
0.334304609066652,2.92298427311727e-05
0.398771137950957,3.88599060527721e-05
0.432862027817312,2.99019457210061e-05
0.43602022107305,4.1900707809657e-05
0.266836758953118,1.79382541580659e-05
0.286971655600154,4.59495566784491e-05
0.220389175548771,1.69418555514868e-05
0.407099815458478,7.29934595538363e-05
0.390727998330646,0.000177516610996672
0.456808612038176,0.000109754588895635
0.45249759946502,7.65828432856292e-05
0.363592346857873,9.35083107646072e-05
0.359631079078232,6.93125110891729e-05
0.351068806212382,4.14977088006056e-05
0.347586382782502,2.00960789175608e-05
0.322621707822723,2.86191495685103e-05
0.304537234621717,2.27589291594392e-05
0.347026764510255,3.71030053576327e-05
0.269033064748333,3.26383889162736e-05
0.279612577703788,3.2170397123214e-05
0.114649540050908,6.30073424041781e-06
0.129176691354141,8.98369556460023e-06
0.170320810717143,6.50259570519393e-06
0.148139103603026,7.35859978764333e-06
0.122692402909889,1.40450402639864e-05
0.140269459710579,7.83165821975468e-06
0.0890206524999005,1.15262469448064e-05
0.0915188993011431,7.29398685900417e-06
0.154636662437301,1.59814481944092e-05
0.108314515630513,2.22713976686174e-05
0.122559609225138,1.15575109799466e-05
0.0799655888221227,3.243953504432e-06
0.476361510295284,3.18134745756672e-05
0.417266223622407,4.93797528510521e-05
0.471255147185767,5.46341694816038e-05
0.365224597340847,4.75183031088065e-05
0.244879801767028,4.28330507022848e-05
0.47451596547796,9.8222467343945e-05
0.455477805883245,6.72598636725722e-05
0.424550571389677,3.79832735742021e-05
0.420031650190719,7.13698667320424e-05
0.439397805711463,6.30519377585628e-05
0.324484553680854,3.83938210554915e-05
0.341837874483652,4.2860542264726e-05
0.337304040853301,2.58334992865569e-05
0.810059629247858,3.99979266701997e-05
0.79423188598461,1.33994509520339e-05
0.594753305679184,3.54104941226873e-05
0.591791254635561,3.12962918707808e-05
0.520547154692357,3.1521481336201e-05
0.574381740147539,7.66618036200446e-06
0.510718451684756,3.2119846121193e-05
0.526440656390435,4.13426953179244e-05
0.512176072673937,2.39401121303652e-05
0.504556375211273,3.7899035261762e-05
0.474306152266539,4.27519119024086e-05
0.444600953571789,3.13619365579766e-05
0.355448180428613,3.41804007143807e-05
1.35073496402406,0.00186831927703542
1.61946188544694,0.00252548769150907
1.13291463269833,0.00113476614618246
0.862590472403703,0.000840990296198256
0.801668650133075,0.000264023808500393
0.499384371960659,0.000130045792696083
0.444739656887201,7.52011045513951e-05
0.550835444007128,7.25653887601489e-05
0.428174024243328,6.96646583111743e-05
0.787323681299028,0.000134535367006911
0.794600075052047,0.00018567672841247
0.613163638386026,0.000181298544753244
0.378643348935062,7.62002672089362e-05
0.222707219509305,3.81887178557235e-05
0.197811545905355,2.11937766685036e-05
0.221958381527935,2.13891940663802e-05
0.181854925337872,2.22544283696111e-05
0.128276561367301,7.01578131056931e-06
0.106542125562597,9.77849147728667e-06
0.114759894998634,7.87526924128158e-06
0.0961764476752091,1.15894251124632e-05
0.15416330596853,1.1610590160217e-05
0.168350675684533,1.3013918121934e-05
0.16598976019647,1.61487119636141e-05
0.097538138200125,1.27776938442732e-05
0.139999208737081,1.86839398980932e-05
1.05231567036115,0.000281131190467441
0.828062369221735,0.000213048095554289
0.832616971324283,6.08888627982765e-05
0.837448819286253,2.33738188232839e-05
1.00577936660556,3.72062467297095e-05
1.05271970398534,3.4483429634686e-05
1.13744851059316,5.17586512741594e-05
1.10542760358791,0.000252393157671342
0.989584300908479,0.000350300702310644
1.26579660973335,0.00028769160053255
1.17433598159053,0.000370286542726703
1.04035730183717,0.000110155293208346
1.05029725085436,5.62764406158383e-05
0.576177889009187,4.32713085797711e-05
0.2357586325916,3.26080875133774e-05
0.249840453493797,2.98447080238777e-05
0.113382871593969,7.71272148906719e-06
0.121000095061149,1.54737945087546e-05
0.121129360631413,2.00336664711274e-05
0.098442953962613,6.78696229974794e-06
0.0947713524718507,1.99843337169097e-05
0.0599913451255412,1.06749588895874e-05
0.0805602485694367,1.09290725897558e-05
0.0801818179141463,1.03509379619288e-05
0.0841400755085104,1.28690801235242e-05
0.0458457054274708,7.54093961288971e-06
0.41263817766716,1.40389231126603e-05
0.298222588443597,4.66519496679724e-05
0.342716278978928,2.22900538705971e-05
0.313159816037913,3.70173994518659e-05
0.236476743256217,2.42811484291904e-05
0.362428094786362,4.09176269934814e-05
0.31579872339056,5.29747667627966e-05
0.241093898841163,1.90332382559587e-05
0.167962339273796,2.0256378500545e-05
0.247481353363868,3.67185454456438e-05
0.225146949883683,2.39960121719843e-05
0.426660094649675,2.11784874919837e-05
0.358105152412072,8.5246409274619e-06
0.631717163250039,3.41971691112725e-05
0.446401303672656,2.50365070792079e-05
0.627920941910783,3.81127231889508e-05
0.692179998374408,3.15040352086917e-05
0.779081321873249,4.10687481715064e-05
0.809251030248172,2.89380907930247e-05
0.560996743827232,3.8281735370792e-05
0.605212280028598,2.55847670396762e-05
0.547166687898243,3.79790470859514e-05
0.693482489993251,2.69480704447507e-05
0.763554038786376,5.13437142709039e-05
0.725979430299611,2.11743404227046e-05
0.944411339023298,0.000121222820426044
0.307863939053149,7.07345027424116e-05
0.131426430796839,1.09467199052209e-05
0.149668714282588,3.50751406378646e-05
0.114239525462271,1.97484249344432e-05
0.141938697665276,2.31588790643976e-05
0.159295064524027,5.39134306855233e-05
0.144976152839421,4.19000042860751e-05
0.297772961426961,0.000125808434144325
0.188227498226403,3.62486246556217e-05
0.170977076705852,7.79511002121038e-05
0.113041776416563,2.72804092297492e-05
0.173522361257927,5.34233005675447e-05
0.205528586377444,2.08420629245224e-05
0.186477298256804,3.03594295874761e-05
0.193267883218055,2.42844015345835e-05
0.189084611858188,1.94740830948807e-05
0.194996204109457,2.19842910047834e-05
0.17524421621209,1.06535896833499e-05
0.238081478804155,1.68892727363274e-05
0.131049130155552,1.63397663024337e-05
0.141895770449366,3.21917493564404e-05
0.152446381131805,2.60227671304255e-05
0.164072104273029,2.42208900027939e-05
0.102410683110211,1.33014933585459e-05
0.0622542419444818,5.66097149452344e-06
0.065676664344494,9.01369766877237e-06
0.428043696517655,1.57679492425047e-05
0.282688342542849,2.69233297705419e-05
0.343967762013982,5.58825017988824e-05
0.234848722584328,2.2408990509434e-05
0.40013171293195,4.67253191569096e-05
0.385603549483725,1.18094759237622e-05
0.329621858421675,4.93986333471157e-05
0.314869109122641,1.65616102039895e-05
0.300266085778697,1.95533684711331e-05
0.308830299532038,1.52053359233418e-05
0.217104917391607,1.62049108564978e-05
0.212052704555526,4.30803091349918e-05
0.1522013465662,1.07232477310893e-05
0.581357428262787,7.44183185778091e-05
0.495431018155482,4.25248826568716e-05
0.491257861271423,2.40451340723101e-05
0.45434095298696,4.74156374428042e-05
0.425179327122688,2.28039189568416e-05
0.424151764257016,3.41972582625296e-05
0.40711411084742,3.68035560558668e-05
0.428974078288429,1.65530066763876e-05
0.252652424380431,2.11681827430146e-05
0.274388616283939,4.11704685587747e-05
0.192836881373318,1.48129197861937e-05
0.14657343901396,1.32902878739758e-05
0.204823510732666,4.75843088636312e-05
0.136768906245001,2.6032090996186e-05
0.11607873920987,2.66775340217159e-05
0.140097475372624,2.76205741244404e-05
0.15348074928634,2.84922119042666e-05
0.122812747979681,1.73720627953486e-05
0.080966155363735,6.55446261359721e-06
0.0990612909734552,8.55173964248991e-06
0.0945545146447014,5.65368048739355e-06
0.0649348629493067,8.37136071670032e-06
0.0698322177001714,7.72506392957653e-06
0.0474542477602489,1.66901851179367e-05
0.0683895956013733,6.54831694107143e-06
0.0519428673121164,1.03749183813416e-05
0.534375284938394,3.3051469610195e-05
0.489932435464178,4.96723419338284e-05
0.409006644038962,3.1467507176911e-05
0.296141669925049,2.66839920592625e-05
0.422430485020788,2.37910913759827e-05
0.450927666536663,2.85202037993381e-05
0.601773142029993,4.21909791863538e-05
0.518725225541553,2.90109224142995e-05
0.462090236741587,2.6974039120863e-05
0.444246706850913,3.29048757891524e-05
0.363097518529868,2.90043873971438e-05
0.352901455039538,5.74932985617107e-05
0.365688708039513,3.48832705460818e-05
0.342594492074523,8.60968479086058e-05
0.305186200740138,0.000115918019656099
0.404224678589817,2.65934125914199e-05
0.240462949605594,2.05837008643398e-05
0.414449576411955,6.79434813411537e-05
0.521938537144174,2.32444261853356e-05
0.558606518479261,3.66749961778524e-05
0.810410726693202,2.58580333123001e-05
0.824903584121068,1.87078115596383e-05
0.758174612032084,2.49575087243253e-05
0.842311417699237,7.76781865464672e-05
0.502778821624791,0.000155847249304664
1.28634043427459,0.000145110273634065
0.2566339094133,3.7101537360126e-05
0.280226788762159,5.95558689286927e-05
0.261814978821324,3.24748942268195e-05
0.137932080424613,2.15194261105022e-05
0.318000925509884,1.67583211065577e-05
0.275330113846458,5.05097374440553e-05
0.142277371598835,2.90054666767936e-05
0.127504953432059,1.53086545301965e-05
0.294313901838357,2.10714614173862e-05
0.198462993559038,4.48299474383197e-05
0.123919248158449,1.44790234046631e-05
0.114220515940636,1.41537959933643e-05
0.10959071828261,1.93432152780596e-05
0.311544453803865,5.45799014490289e-05
0.239998796117389,2.56139850217545e-05
0.286625710249863,4.37730723310375e-05
0.20468910933517,4.45384657492433e-05
0.278449324346078,3.87820657510312e-05
0.295289457933618,4.38326181765581e-05
0.399672020107505,3.21404596561253e-05
0.72962960549132,4.92932273897822e-05
0.666962480514962,2.64036255796376e-05
0.68764524334799,3.14973972006552e-05
0.707397357560776,3.01503860832458e-05
0.551493402580551,2.47022179568936e-05
0.284912402675342,3.89463747508097e-05
0.603366675100115,5.52708214666142e-05
0.650000161264102,4.55492821704811e-05
0.584538055362902,2.77817805993633e-05
0.578349280661171,5.32916261251655e-05
0.845321550884883,4.7955819651028e-05
1.09094073784009,3.28314739616003e-05
1.18444354924758,3.62121525626865e-05
1.54661815232731,0.000266123175646691
1.65842647839305,0.000674456801682735
1.43870963640872,0.000161005756595921
1.5902141006388,0.000305842370646646
0.803195835508667,4.28189278119245e-05
0.753152373165222,3.94583458729151e-05
0.991671484102799,0.000234122471915859
0.956916261516165,0.000175634896289275
0.823495251351079,0.000117666443633963
0.710881604052771,3.40728443162932e-05
0.776381709012971,7.53178876167806e-05
0.919690743137053,0.000194441427763085
1.10983112292464,0.000138067279148705
1.23574357452363,0.00010527232556443
1.30202076286891,0.000103699477291989
1.15210315281017,4.57253022816718e-05
1.4197556373145,0.000144666882672585
1.15763689433827,5.63612505534256e-05
1.03569994214563,5.85530719475727e-05
0.250827619071076,5.7516483859413e-05
0.228841225427388,3.08947209650306e-05
0.201718080200906,3.10486193312536e-05
0.289611579567883,2.58570247687733e-05
0.512376083843873,5.00790851627885e-05
0.446124441752375,2.03858391354795e-05
0.652245241462842,3.29497673722372e-05
0.433779119964322,6.00860895906211e-05
0.446184536374466,2.71859045042923e-05
0.319930908400719,1.89599416907239e-05
0.249063471593412,2.20312758357698e-05
0.805962224677004,2.84838963785546e-05
0.459428944195573,4.46330970079155e-05
0.220859855976338,2.33385032782336e-05
0.423174213356293,4.19999472178375e-05
0.425581803972406,2.62190826732311e-05
0.306827638308043,1.42004694689044e-05
0.348007919825136,1.0999619268588e-05
0.283774260612124,3.42724278076989e-05
0.296171802164844,1.95970240018447e-05
0.160711790611264,1.90626227201484e-05
0.242221090710951,6.40967930058882e-06
0.212819733012161,2.81702774686224e-05
0.116501022182856,1.01278309809902e-05
0.0452365374213399,1.50506845811698e-05
0.0797402884278213,3.86021627621048e-06
0.740421374638527,4.44005424196695e-05
0.547410314986587,4.44725958067954e-05
0.593902289456145,5.04529645161705e-05
0.322338211380207,3.81239639707539e-05
0.435020169356341,4.56644382152495e-05
0.504337200152551,8.22137347777382e-05
0.482692294092106,2.84603201154956e-05
0.53524445584504,2.44057330600252e-05
0.473113897554627,4.75085502429316e-05
0.539074718918941,5.93510467115332e-05
0.523891418717488,2.10755096060627e-05
0.453793560188356,1.96566175048789e-05
0.354073894305119,3.60372502562385e-05
0.20241426692683,4.00402779018296e-05
0.207789186501787,2.96898227441754e-05
0.213911176693446,4.5989717456326e-05
0.140533216852015,8.4951408472703e-06
0.176268648247281,3.72003048114297e-05
0.216694244516401,6.7676212759963e-05
0.201567269845784,3.45461461366282e-05
0.202629834626265,2.47109300211153e-05
0.172964337149136,2.6048741198252e-05
0.210309101201488,4.11905615329175e-05
0.201072335457245,1.48004235522083e-05
0.17745518925664,5.25658267759845e-05
0.276878573459863,4.25605841897746e-05
0.306364604858302,9.30873229316162e-05
0.233227556022649,6.0074354785735e-05
0.274046762743715,4.02953872109923e-05
0.226939155006621,5.49062673516427e-05
0.212807652396256,1.76591129428328e-05
0.179934505400724,4.33757722020736e-05
0.116268753113753,3.19855292281178e-05
0.117687925607509,3.32902101834652e-05
0.109678499076855,2.54329605967653e-05
0.0705586977216479,5.80161848504031e-06
0.141002302597891,2.50017497498889e-05
0.0735996460909439,1.22270979139642e-05
0.192254229501736,7.61675873504888e-05
0.309944307192679,1.55172795798684e-05
0.116007496101299,7.49087903144825e-06
0.211441614097167,2.65406808517996e-05
0.21181914318728,2.26655149567918e-05
0.309459870637533,1.14813123116626e-05
0.205652973455264,1.30472182463774e-05
0.246583484860197,2.91118582736437e-05
0.232545453932805,2.12055529766592e-05
0.299288932817523,1.52998577677955e-05
0.320344961155989,1.57992393081231e-05
0.169419924070716,3.86545438044971e-05
0.198400414931004,4.40284603352911e-05
0.407019653351659,3.85756491180506e-05
0.132700389815696,2.54772918678837e-05
0.130198167465576,2.29420863071775e-05
0.11908855297195,9.78025324012737e-06
0.131605667483491,6.49951181105751e-06
0.0720426148860284,2.82394246902521e-06
0.0891601224367866,1.46651557452906e-05
0.140381512291495,2.12613507096383e-05
0.106695412462705,2.03857782409265e-05
0.107211847779522,7.18879533458922e-06
0.0896363955979565,1.2144309207191e-05
0.108337072003533,3.12427872732049e-06
0.111503281221776,4.98822240446593e-06
0.047763574395633,6.67476984738156e-06
0.39024909284289,7.49315910631507e-05
0.30102048375385,2.62479854245473e-05
0.374959077876127,8.59587622983301e-05
0.376181735365757,6.37349572619556e-05
0.309900022234247,2.1518090854492e-05
0.309899071956236,2.32491623078872e-05
0.363158245756196,5.23332279633494e-05
0.2633733631503,2.38035043620352e-05
0.152018278130327,2.45825305473528e-05
0.265433151534051,2.73127370205767e-05
0.132529773271316,2.11380307119195e-05
0.158173193127869,4.41432141379215e-05
0.173582805570721,3.68859236729969e-05
0.275832887036025,2.89342108670842e-05
0.236900252044425,4.65189792059288e-05
0.154329791702733,1.65401412235178e-05
0.182289588329215,8.00002646355721e-05
0.0908952896661035,2.66776790111425e-05
0.103833049550024,1.04929761705409e-05
0.0803292970809435,1.03043047547119e-05
0.0160230929932684,4.32957734020002e-05
0.0448308043524246,2.25057435582465e-05
0.0466714057085737,1.61542623713819e-05
0.00109973790094885,7.43078515438226e-05
0.0657129317514326,1.70677089016594e-05
0.0558239096407874,2.39201862399043e-05
0.746193926136237,4.77000036707518e-05
0.398588386330861,6.08597756436862e-05
0.382843958358895,3.98453036893539e-05
0.287227185186465,3.16664379794989e-05
0.560103621910539,9.27305627097911e-05
0.497653587895046,5.34573584094867e-05
0.641822625039389,2.44919941866387e-05
0.691800523471736,2.69859862983041e-05
0.753573471850992,1.95335324137793e-05
0.626259898081852,3.95728398725538e-05
0.637095368603959,2.82624660566596e-05
0.466368799109385,2.29676533786171e-05
1.5320502143096,0.000130565332987175
0.404963722991929,2.191974625396e-05
0.278208388493611,1.94543970145674e-05
0.261420800229157,3.96067466434767e-05
0.401455801299192,1.92770153358493e-05
0.282508699234512,3.19231736586737e-05
0.236061611570839,4.60855297160015e-05
0.265155859432409,3.67363603656359e-05
0.385482069971616,5.04519954359134e-05
0.191075078365435,4.6399208326153e-05
0.119902925640805,1.43765715105465e-05
0.116190430452475,8.39550339559587e-06
0.0949269955444315,6.7274393943843e-06
0.117859259328539,1.29544778876383e-05
0.169754051535145,8.91544237979199e-06
0.0912237793368586,1.67248078095356e-05
0.0544181429923788,7.7724308238954e-06
0.0734256475738616,5.43928965791418e-06
0.0512146116869706,6.81955266570176e-06
0.103692103784647,1.07205609650072e-05
0.0949234055449561,5.47158658414282e-06
0.0641529670502734,8.59152502415317e-06
0.0880049494488829,1.47452859364295e-05
0.0872548645865545,7.47846887090153e-06
0.0677621350934027,1.02396806743406e-05
0.0465706409806823,1.18957936133473e-05
0.0627833691556013,1.01003926186985e-05
0.159378714900267,1.85237260302055e-05
0.198996222003641,2.70625248675019e-05
0.10608616393724,2.23288917654367e-05
0.126725870713676,1.3200989970231e-05
0.145122548685926,6.86818563836558e-06
0.115314132219539,5.31333308634116e-06
0.0909374110038496,2.71144824109424e-05
0.148152635098798,1.63386221963377e-05
0.100694323625235,4.6801226197079e-06
0.122397255369676,8.76983702525068e-06
0.177108273927456,1.32887721986896e-05
0.0948985253802092,2.67891019910657e-05
0.17081177622305,3.54097805872392e-05
0.356076463212866,5.70311515658568e-05
0.403802929378035,2.21295587152406e-05
0.374922338918545,5.95999789988906e-05
0.367966807201728,6.72082925733374e-05
0.401691673915723,3.3065531577756e-05
0.360723147326203,5.27276602748585e-05
0.366828020553986,5.07341595959033e-05
0.313327814298236,5.22502312988665e-05
0.373799000397255,3.96762831226116e-05
0.438220074371256,3.68614042711913e-05
0.447405291724614,5.83692322251516e-05
0.462710609529199,4.63815031759346e-05
0.466614237942931,3.83264437536163e-05
0.209872178335544,5.06527766523414e-05
0.133013555383831,2.00471201478132e-05
0.145011682475829,1.57293897394951e-05
0.130567240536543,2.32120842511302e-05
0.151273708630592,1.44838136888534e-05
0.146442368118176,2.0249028243584e-05
0.0896674003076143,9.7535181714503e-06
0.147563637082475,1.72597781268835e-05
0.194524409451598,1.56364870275521e-05
0.168712181294794,8.10130077445004e-06
0.225118464817283,5.34625963314352e-05
0.143472254930067,1.94626093164305e-05
0.546946528644927,5.83009195461432e-05
0.321506070157294,9.30834363117554e-06
0.219013605802257,3.90954163292573e-05
0.232779358215313,8.86552078061381e-05
0.222385459091626,4.6245170252017e-05
0.205305960614689,6.54806832281209e-05
0.174723363257902,5.50678238872283e-05
0.125312458070301,2.20344153483502e-05
0.1577633607017,2.72291642891076e-05
0.136861994076303,1.40209101206284e-05
0.0904031548575639,1.42703861835723e-05
0.0811751486430279,9.54239835868321e-06
0.077205076965124,1.16769139317037e-05
0.0858293752319835,9.70550384319327e-06
0.433940237569439,6.69327513835733e-05
0.469326606480013,3.54126164475795e-05
0.54454805669421,4.29845047082614e-05
0.463345257916874,6.36907480974857e-05
0.542953385082469,4.55546016016703e-05
0.583397075945527,3.82364952346397e-05
0.670095996829864,3.83857345613426e-05
0.753402594031102,4.03704859433211e-05
0.615350440134981,4.83584524792716e-05
0.70952002017881,5.75899620932319e-05
0.865170826003797,5.11766943133417e-05
0.692733414995752,3.47943953780598e-05
0.484475436546142,5.06286946169831e-05
0.256989778282652,4.20804259782971e-05
0.676870757282276,9.14989731118924e-05
0.201324114652653,2.66768803507937e-05
0.188540553632712,2.89629808229002e-05
0.204372324770149,3.78453316986707e-05
0.177697574198905,4.09133813199258e-05
0.15667111455163,3.30336639545852e-05
0.120314348168021,1.80721622391664e-05
0.105387845505754,1.29608364459198e-05
0.0924792127479613,1.08366664532437e-05
0.141768380649474,1.82358571968959e-05
0.0985134707789247,1.96942783769457e-05
0.0673484080093911,1.04500327202308e-05
1.27937688686396,0.00029641540423743
0.737834306108702,9.5090518549312e-05
0.586098233061278,7.29944472185163e-05
0.481487271993509,4.8084670697465e-05
0.460637688189128,3.08088581613257e-05
0.570475704405109,4.97698074904227e-05
0.476211118907205,7.58119027233918e-05
0.629487512440254,6.63815678810044e-05
0.337176077911914,4.85106624214121e-05
0.989629715493215,4.23836834864832e-05
0.825977326049725,6.28056633381013e-05
1.03718393478421,7.51678915965045e-05
1.13265913126498,3.52546156395202e-05
0.209705259281478,4.04119640423027e-05
0.204975385047164,2.95311971486557e-05
0.221114930501147,1.80670951225775e-05
0.233576699364764,1.33439115900897e-05
0.304909925055622,1.85691910739927e-05
0.323140627266846,1.38976669603389e-05
0.302975951979144,8.58540381496582e-06
0.36623944682311,1.84539744437523e-05
0.43757347719915,2.54424819400455e-05
0.452506726569901,1.99395868108692e-05
0.429174109180769,1.87533341589144e-05
0.357064423505525,6.08521174644776e-05
0.337216904991735,5.00251124348667e-05
0.43949390563447,2.52490968429263e-05
0.383092530447724,2.84860931482639e-05
0.337054864545561,2.28610646693393e-05
0.250933622624387,2.24140276908703e-05
0.293257877023254,1.9440746947442e-05
0.31233997428115,9.71583465592294e-06
0.392894865567036,3.22780117206778e-05
0.351336369823838,2.43420645957901e-05
0.376028806969326,1.15314983999633e-05
0.413306835475042,3.47292103791097e-05
0.427430769521534,2.10984656243788e-05
0.445485503017996,2.76643910511876e-05
0.2989184283603,1.98420122728885e-05
0.215396623563083,1.57666706712537e-05
0.259008381900275,3.94798265718003e-05
0.195671220855969,1.88031858263157e-05
0.18087839005653,1.70196746120727e-05
0.172699544188706,1.31311500912203e-05
0.135540475722893,7.83589085750874e-06
0.133549945363102,2.15607723107354e-05
0.154068345504748,9.83681442236769e-06
0.166619670480979,2.74324908015948e-05
0.108482219020274,1.36550049858093e-05
0.108402353614303,1.52067942009634e-05
0.0885732533129381,1.49041460968777e-06
0.0952573660170386,7.40123841893444e-06
0.218702536469939,5.38726244592958e-05
0.296648127442685,6.51249482828244e-06
0.221872661578124,6.22424998958193e-06
0.140397026103072,2.44814365871322e-05
0.193219944297453,1.87171111984404e-05
0.261593242149111,4.44434904910894e-05
0.231556840468797,4.5386300697951e-05
0.131382985182341,6.55798613176075e-06
0.166537624044511,2.42396272263789e-05
0.145169606358293,1.12582936512446e-05
0.0864355490442809,9.02581641174755e-06
0.0742911980794813,6.25115287636482e-06
0.0775577338164718,7.31092413375921e-06
0.989752652172518,7.01390034183949e-05
0.78524784485006,3.95323539759084e-05
0.654166994076251,1.43388009825865e-05
0.482429828113753,2.611969325252e-05
0.550010704080501,2.62071042194128e-05
0.626676684416653,5.8086906729807e-05
0.621649037022078,5.02611345094597e-05
0.892457993612719,4.3851473300627e-05
0.772753835960872,5.30025358467874e-05
0.823052567291457,0.000125195818228836
0.778610841900421,6.63718563012847e-05
0.716558759621885,6.849575241277e-05
0.590554734855571,3.20540681727043e-05
1.0698619605701,5.09464729961772e-05
0.837485700453889,4.93774800260452e-05
1.04346308004526,6.0668659923199e-05
0.805157026817215,7.13806418158137e-05
1.02728793984169,6.56792571827909e-05
1.05177290216227,3.75480361366952e-05
0.870721486802653,8.7578533169239e-05
0.827767401514749,0.000128581267841111
1.01912630629268,5.7947059365242e-05
1.12499784097901,3.82799088245772e-05
0.739847758912906,2.01342938842233e-05
0.842594505358262,9.21366404983411e-05
0.725384856838317,3.51957053306477e-05
0.349902764306121,3.28533309767121e-05
0.611816699094954,3.05315274566866e-05
0.47509241715723,3.50860932165401e-05
0.503216822300116,4.4133325541336e-05
0.533152469332331,4.8831633221772e-05
0.429940208265629,1.63835831326667e-05
0.430988791983327,2.73746561672199e-05
0.462500968792909,3.27449771659725e-05
0.421152467706687,4.56618700545861e-05
0.440227293408054,3.13225351891028e-05
0.445007682615434,6.68257380496981e-05
0.408489253493604,0.000117608532211989
0.455844277464124,4.29939846522879e-05
0.120852898007102,1.93075269980979e-05
0.0883757416917594,1.72848034116127e-05
0.0788793393106526,1.53450378520135e-05
0.0604507475137503,7.99407161963604e-06
0.0521068733042307,8.37530249207361e-06
0.0540155612583948,8.31841806104455e-06
0.0449519052963634,9.41692649140609e-06
0.0308221148690154,2.00750915843642e-05
0.0351304289885183,1.49553636349458e-05
0.0409199909541092,1.12268037620655e-05
0.0455266638895866,3.61718358626316e-06
0.0723724230405108,6.37093270349405e-06
0.068417397915724,4.79404339922092e-06
0.371821664080084,0.000148881549923493
0.303247087125439,0.000106714603476081
0.215029117115142,2.02969807420111e-05
0.135976677660312,7.024859603509e-06
0.237654106371492,3.49565003996847e-05
0.228265795616916,4.89082770620396e-05
0.249816448508304,1.13467729681428e-05
0.185727065309875,1.67985190092899e-05
0.101597144151446,1.19825780433556e-05
0.394468693771811,3.94699085217984e-05
0.138770092341786,4.96590660463084e-06
0.0856341616635532,1.43689379228834e-05
0.102110503924249,8.37276812085488e-06
0.439391923770719,4.11115504021869e-05
0.268269384347866,3.46460601757888e-05
0.257250140151187,2.34736190991047e-05
0.250074227726105,2.45707657979626e-05
0.256324501765709,6.2945810410203e-05
0.207436818404571,1.89508363274463e-05
0.242551019482752,5.64765581372832e-05
0.208813082294765,4.18178418628e-05
0.137705566647483,1.51923472918905e-05
0.144626103625384,1.93539420285785e-05
0.102497896919975,1.08412714452073e-05
0.103330742579443,1.3259630039841e-05
0.104860922043748,5.82550304225438e-06
0.329285877337416,2.10206001391188e-05
0.278362019237356,2.98177558186873e-05
0.31954007830783,1.6174897342441e-05
0.249817577969712,1.53202236396869e-05
0.256391964219706,3.63627790671835e-05
0.304134855345747,1.0471490921884e-05
0.318020250818576,3.04894197968719e-05
0.362390755801962,3.23419992421278e-05
0.31938148884894,2.85342686387935e-05
0.310289161858984,7.04605521291847e-06
0.265533974669457,6.85338073094841e-05
0.261667748166969,4.25521715887229e-05
0.183991354744862,2.28835807583475e-05
0.31624029152109,0.000132004460838787
0.204506463206081,9.03351590173406e-05
0.1780975415344,1.81247658027437e-05
0.222535190072253,3.46843948729578e-05
0.226290112182723,4.29681942777298e-05
0.278638358696543,3.04195978207924e-05
0.358119921360023,3.98666653873438e-05
0.521699642178023,3.41799642241036e-05
0.573507439820869,3.56946246930356e-05
0.44997315356413,8.51550178742519e-06
0.365218532931383,1.98891243777721e-05
0.1089913951321,1.81145906531217e-05
0.437013005549739,4.87234600910243e-05
0.435009545408494,3.82762398853666e-05
0.346142452291752,2.5150742183747e-05
0.329615397731365,2.24410477763436e-05
0.418417137131716,1.24558767963721e-05
0.160515897692724,2.12878831850358e-05
0.389002148777633,2.20067325482389e-05
0.274203069135259,4.35262242996685e-05
0.232393874100302,5.31512379728843e-05
0.286479767564466,1.13263345309936e-05
0.151895490045518,2.31506603712817e-05
0.264939225467557,2.62971645659603e-05
0.125476732556891,1.62125936274709e-05
0.114673804403068,1.51319619956442e-05
0.171626657491528,3.76775716541096e-05
0.166471351889154,3.1105143805017e-05
0.174844364540592,2.47336283508402e-05
0.188205235148592,2.16298014677e-05
0.193861450689269,3.94946109976656e-05
0.143967601588813,2.33514700851503e-05
0.15159815019757,7.58645481894901e-06
0.19054422353502,3.222363514789e-05
0.16885397728031,1.29947870795977e-05
0.173051431405714,3.18468230447942e-05
0.110545837934326,5.98876110705694e-06
0.0700335993147923,7.53159549313439e-06
0.057882137942654,7.0632447417199e-06
